facility_id,file_year,payment_reduction
010001,2026,No
010005,2026,Yes
010006,2026,No
010007,2026,Yes
010008,2026,No
010011,2026,No
010012,2026,Yes
010016,2026,Yes
010018,2026,No
010019,2026,No
010021,2026,Yes
010022,2026,No
010023,2026,Yes
010024,2026,Yes
010029,2026,Yes
010033,2026,No
010034,2026,No
010035,2026,No
010036,2026,No
010039,2026,Yes
010040,2026,Yes
010044,2026,No
010045,2026,Yes
010046,2026,No
010049,2026,No
010051,2026,No
010052,2026,No
010055,2026,No
010056,2026,No
010058,2026,Yes
010059,2026,No
010061,2026,Yes
010062,2026,No
010065,2026,No
010073,2026,Yes
010078,2026,Yes
010079,2026,No
010083,2026,No
010085,2026,No
010086,2026,Yes
010087,2026,Yes
010089,2026,No
010090,2026,No
010091,2026,No
010092,2026,Yes
010095,2026,No
010097,2026,No
010099,2026,No
010100,2026,Yes
010101,2026,Yes
010103,2026,No
010104,2026,No
010108,2026,Yes
010110,2026,No
010112,2026,Yes
010113,2026,Yes
010114,2026,Yes
010118,2026,No
010120,2026,Yes
010125,2026,No
010126,2026,No
010128,2026,No
010129,2026,Yes
010130,2026,Yes
010131,2026,No
010138,2026,No
010139,2026,No
010144,2026,No
010148,2026,No
010149,2026,Yes
010150,2026,No
010157,2026,No
010158,2026,No
010164,2026,No
010168,2026,No
010169,2026,No
010173,2026,Yes
020001,2026,Yes
020006,2026,No
020008,2026,No
020012,2026,Yes
020017,2026,No
020018,2026,No
020024,2026,Yes
020026,2026,Yes
030002,2026,Yes
030006,2026,Yes
030007,2026,No
030010,2026,No
030011,2026,No
030012,2026,No
030013,2026,No
030014,2026,No
030016,2026,Yes
030022,2026,No
030023,2026,No
030024,2026,No
030030,2026,No
030036,2026,No
030037,2026,No
030038,2026,No
030043,2026,No
030055,2026,No
030061,2026,Yes
030062,2026,Yes
030064,2026,No
030065,2026,Yes
030069,2026,No
030071,2026,Yes
030073,2026,No
030074,2026,Yes
030078,2026,No
030083,2026,No
030084,2026,No
030085,2026,No
030087,2026,No
030088,2026,No
030089,2026,No
030092,2026,No
030093,2026,No
030094,2026,No
030101,2026,No
030103,2026,No
030105,2026,Yes
030107,2026,No
030108,2026,No
030110,2026,No
030111,2026,No
030112,2026,No
030113,2026,No
030114,2026,No
030115,2026,No
030117,2026,No
030119,2026,No
030121,2026,No
030122,2026,No
030123,2026,No
030130,2026,No
030134,2026,No
030136,2026,No
030138,2026,No
030139,2026,Yes
030146,2026,No
030147,2026,No
030148,2026,No
030152,2026,No
030153,2026,Yes
030154,2026,Yes
030155,2026,No
040001,2026,No
040002,2026,No
040004,2026,No
040007,2026,No
040010,2026,No
040011,2026,No
040014,2026,No
040016,2026,Yes
040017,2026,Yes
040018,2026,No
040019,2026,No
040020,2026,Yes
040022,2026,No
040026,2026,No
040027,2026,No
040029,2026,Yes
040036,2026,No
040039,2026,No
040041,2026,Yes
040050,2026,Yes
040051,2026,Yes
040055,2026,Yes
040062,2026,No
040067,2026,No
040069,2026,No
040071,2026,Yes
040072,2026,No
040076,2026,No
040078,2026,No
040084,2026,No
040088,2026,Yes
040114,2026,No
040118,2026,Yes
040119,2026,Yes
040132,2026,No
040134,2026,Yes
040137,2026,No
040147,2026,No
040153,2026,No
040154,2026,Yes
040156,2026,No
040161,2026,No
040164,2026,No
050002,2026,Yes
050006,2026,No
050007,2026,No
050008,2026,Yes
050009,2026,No
050013,2026,No
050014,2026,No
050017,2026,No
050022,2026,No
050024,2026,No
050025,2026,No
050026,2026,No
050028,2026,No
050030,2026,Yes
050036,2026,No
050038,2026,Yes
050039,2026,No
050040,2026,Yes
050042,2026,No
050043,2026,No
050045,2026,Yes
050047,2026,No
050054,2026,Yes
050055,2026,No
050056,2026,Yes
050057,2026,No
050058,2026,No
050060,2026,Yes
050063,2026,No
050067,2026,Yes
050069,2026,No
050070,2026,No
050071,2026,Yes
050072,2026,No
050073,2026,No
050075,2026,No
050076,2026,Yes
050077,2026,No
050078,2026,No
050082,2026,No
050084,2026,No
050089,2026,No
050090,2026,Yes
050091,2026,Yes
050093,2026,Yes
050099,2026,No
050100,2026,Yes
050101,2026,No
050102,2026,No
050103,2026,No
050104,2026,No
050107,2026,No
050108,2026,No
050110,2026,Yes
050112,2026,Yes
050113,2026,No
050115,2026,No
050116,2026,No
050118,2026,Yes
050121,2026,No
050122,2026,No
050124,2026,No
050125,2026,No
050126,2026,No
050127,2026,No
050128,2026,No
050129,2026,No
050131,2026,No
050132,2026,No
050133,2026,No
050135,2026,No
050136,2026,Yes
050137,2026,No
050138,2026,No
050139,2026,No
050140,2026,No
050145,2026,Yes
050149,2026,No
050150,2026,No
050152,2026,No
050158,2026,No
050159,2026,Yes
050167,2026,No
050168,2026,No
050169,2026,Yes
050174,2026,No
050179,2026,No
050180,2026,Yes
050191,2026,No
050192,2026,Yes
050194,2026,Yes
050195,2026,No
050197,2026,No
050204,2026,No
050211,2026,No
050222,2026,Yes
050224,2026,No
050226,2026,No
050228,2026,Yes
050230,2026,Yes
050231,2026,No
050232,2026,No
050234,2026,Yes
050235,2026,No
050236,2026,Yes
050238,2026,Yes
050239,2026,No
050242,2026,No
050243,2026,No
050245,2026,No
050248,2026,No
050254,2026,No
050257,2026,No
050261,2026,Yes
050262,2026,No
050272,2026,Yes
050276,2026,No
050278,2026,No
050279,2026,No
050280,2026,No
050281,2026,No
050283,2026,No
050289,2026,No
050290,2026,No
050291,2026,No
050292,2026,No
050295,2026,No
050298,2026,Yes
050300,2026,Yes
050301,2026,No
050305,2026,No
050308,2026,No
050309,2026,No
050313,2026,No
050315,2026,No
050320,2026,Yes
050324,2026,No
050327,2026,No
050329,2026,No
050334,2026,No
050335,2026,Yes
050336,2026,Yes
050342,2026,Yes
050348,2026,No
050350,2026,Yes
050351,2026,Yes
050352,2026,No
050353,2026,No
050357,2026,No
050360,2026,No
050367,2026,No
050373,2026,No
050376,2026,Yes
050378,2026,Yes
050380,2026,No
050382,2026,No
050390,2026,No
050393,2026,No
050394,2026,Yes
050396,2026,No
050407,2026,Yes
050411,2026,Yes
050414,2026,No
050417,2026,No
050424,2026,Yes
050425,2026,No
050426,2026,No
050438,2026,Yes
050441,2026,No
050444,2026,No
050454,2026,No
050455,2026,No
050457,2026,No
050464,2026,No
050468,2026,No
050471,2026,No
050481,2026,Yes
050485,2026,Yes
050488,2026,No
050492,2026,Yes
050496,2026,Yes
050498,2026,No
050503,2026,No
050506,2026,No
050510,2026,No
050512,2026,No
050515,2026,Yes
050516,2026,No
050517,2026,No
050523,2026,No
050526,2026,Yes
050528,2026,No
050534,2026,No
050537,2026,No
050541,2026,No
050543,2026,No
050546,2026,Yes
050549,2026,No
050551,2026,Yes
050557,2026,No
050561,2026,No
050567,2026,No
050570,2026,No
050573,2026,No
050580,2026,No
050581,2026,No
050586,2026,No
050588,2026,No
050589,2026,No
050590,2026,No
050597,2026,No
050599,2026,Yes
050603,2026,No
050604,2026,Yes
050608,2026,No
050609,2026,No
050624,2026,Yes
050625,2026,No
050633,2026,Yes
050636,2026,No
050641,2026,No
050663,2026,No
050668,2026,No
050674,2026,No
050677,2026,Yes
050678,2026,Yes
050684,2026,No
050686,2026,No
050689,2026,No
050690,2026,No
050696,2026,No
050697,2026,No
050701,2026,No
050704,2026,Yes
050708,2026,No
050709,2026,No
050710,2026,Yes
050714,2026,No
050717,2026,Yes
050723,2026,No
050726,2026,No
050735,2026,No
050736,2026,Yes
050737,2026,Yes
050738,2026,No
050739,2026,No
050740,2026,No
050744,2026,Yes
050745,2026,Yes
050746,2026,Yes
050747,2026,No
050748,2026,No
050755,2026,No
050758,2026,No
050760,2026,No
050761,2026,No
050763,2026,No
050764,2026,No
050765,2026,No
050766,2026,No
050767,2026,No
050769,2026,Yes
050770,2026,No
050771,2026,Yes
050772,2026,No
050775,2026,No
050776,2026,No
050777,2026,No
050778,2026,No
050779,2026,No
050780,2026,No
050782,2026,Yes
050783,2026,No
050784,2026,No
050785,2026,No
050854,2026,Yes
050855,2026,Yes
060001,2026,No
060003,2026,No
060004,2026,No
060006,2026,No
060008,2026,No
060009,2026,No
060010,2026,No
060011,2026,No
060012,2026,No
060013,2026,No
060014,2026,No
060015,2026,No
060020,2026,No
060022,2026,No
060023,2026,No
060024,2026,No
060027,2026,Yes
060028,2026,No
060030,2026,No
060031,2026,No
060032,2026,No
060034,2026,No
060044,2026,Yes
060049,2026,No
060054,2026,Yes
060064,2026,No
060065,2026,No
060071,2026,No
060075,2026,No
060076,2026,No
060096,2026,No
060100,2026,Yes
060103,2026,No
060104,2026,No
060107,2026,No
060112,2026,No
060113,2026,No
060114,2026,No
060116,2026,Yes
060117,2026,No
060118,2026,No
060119,2026,Yes
060124,2026,No
060125,2026,No
060126,2026,No
060128,2026,No
060129,2026,No
060130,2026,No
060131,2026,Yes
060132,2026,No
060133,2026,No
070002,2026,Yes
070003,2026,Yes
070004,2026,No
070005,2026,No
070006,2026,No
070007,2026,No
070008,2026,No
070010,2026,No
070011,2026,No
070012,2026,No
070016,2026,No
070017,2026,No
070018,2026,No
070020,2026,No
070021,2026,No
070022,2026,No
070024,2026,No
070025,2026,No
070027,2026,No
070028,2026,No
070029,2026,No
070031,2026,No
070033,2026,No
070034,2026,No
070035,2026,No
070036,2026,Yes
070038,2026,No
080001,2026,No
080003,2026,No
080004,2026,No
080006,2026,No
080007,2026,No
080009,2026,No
090001,2026,No
090003,2026,Yes
090004,2026,No
090005,2026,No
090008,2026,No
090011,2026,No
100001,2026,No
100002,2026,No
100006,2026,No
100007,2026,No
100008,2026,No
100012,2026,No
100014,2026,No
100017,2026,No
100018,2026,No
100019,2026,No
100022,2026,No
100023,2026,No
100025,2026,No
100026,2026,No
100028,2026,Yes
100029,2026,No
100030,2026,Yes
100032,2026,No
100034,2026,Yes
100035,2026,No
100038,2026,No
100039,2026,No
100040,2026,No
100043,2026,No
100044,2026,No
100045,2026,No
100046,2026,No
100047,2026,No
100049,2026,No
100050,2026,No
100051,2026,No
100052,2026,No
100053,2026,No
100054,2026,No
100055,2026,Yes
100057,2026,No
100062,2026,No
100063,2026,No
100067,2026,No
100068,2026,No
100069,2026,No
100071,2026,No
100072,2026,No
100073,2026,No
100075,2026,No
100077,2026,No
100080,2026,No
100084,2026,Yes
100086,2026,No
100087,2026,No
100088,2026,No
100090,2026,No
100092,2026,No
100093,2026,No
100099,2026,No
100105,2026,No
100107,2026,Yes
100109,2026,No
100110,2026,No
100113,2026,No
100117,2026,No
100118,2026,No
100121,2026,Yes
100122,2026,No
100124,2026,No
100125,2026,No
100126,2026,No
100127,2026,No
100128,2026,Yes
100130,2026,No
100131,2026,No
100132,2026,No
100134,2026,No
100135,2026,No
100137,2026,No
100140,2026,No
100142,2026,Yes
100150,2026,No
100151,2026,No
100154,2026,No
100156,2026,No
100157,2026,Yes
100161,2026,Yes
100166,2026,No
100167,2026,No
100168,2026,No
100173,2026,Yes
100175,2026,Yes
100176,2026,No
100177,2026,No
100179,2026,No
100180,2026,No
100181,2026,No
100183,2026,No
100187,2026,No
100189,2026,No
100191,2026,No
100200,2026,No
100204,2026,No
100206,2026,No
100209,2026,No
100211,2026,No
100212,2026,No
100213,2026,No
100217,2026,No
100220,2026,No
100223,2026,No
100224,2026,No
100226,2026,No
100228,2026,No
100230,2026,No
100231,2026,No
100232,2026,No
100236,2026,No
100238,2026,No
100242,2026,No
100243,2026,No
100244,2026,No
100246,2026,No
100248,2026,No
100249,2026,No
100252,2026,No
100253,2026,No
100254,2026,No
100256,2026,No
100258,2026,Yes
100259,2026,No
100260,2026,No
100264,2026,No
100265,2026,No
100266,2026,No
100267,2026,No
100268,2026,No
100269,2026,No
100275,2026,No
100276,2026,No
100277,2026,No
100281,2026,No
100284,2026,No
100285,2026,No
100286,2026,No
100287,2026,No
100288,2026,No
100289,2026,No
100290,2026,No
100291,2026,No
100292,2026,No
100296,2026,Yes
100298,2026,Yes
100299,2026,No
100302,2026,Yes
100307,2026,No
100313,2026,No
100314,2026,No
100315,2026,No
100316,2026,No
100319,2026,No
100320,2026,No
100321,2026,No
100329,2026,No
100330,2026,Yes
100350,2026,No
100359,2026,No
100360,2026,No
100361,2026,No
100362,2026,No
100363,2026,No
100364,2026,No
100365,2026,No
110001,2026,No
110002,2026,No
110003,2026,No
110005,2026,Yes
110006,2026,Yes
110007,2026,No
110008,2026,Yes
110010,2026,Yes
110011,2026,Yes
110015,2026,No
110016,2026,No
110018,2026,No
110023,2026,Yes
110024,2026,Yes
110025,2026,Yes
110027,2026,Yes
110028,2026,No
110029,2026,Yes
110030,2026,No
110031,2026,No
110032,2026,Yes
110034,2026,Yes
110035,2026,No
110036,2026,No
110038,2026,Yes
110041,2026,No
110042,2026,No
110043,2026,Yes
110044,2026,No
110045,2026,Yes
110046,2026,No
110050,2026,No
110051,2026,No
110054,2026,Yes
110064,2026,Yes
110069,2026,No
110071,2026,No
110073,2026,Yes
110074,2026,No
110075,2026,No
110076,2026,Yes
110078,2026,Yes
110079,2026,Yes
110082,2026,No
110083,2026,No
110086,2026,No
110087,2026,No
110089,2026,No
110091,2026,No
110092,2026,Yes
110095,2026,No
110100,2026,No
110101,2026,No
110104,2026,No
110105,2026,No
110107,2026,No
110109,2026,No
110111,2026,No
110113,2026,No
110121,2026,No
110122,2026,No
110124,2026,No
110125,2026,No
110128,2026,No
110129,2026,No
110132,2026,No
110142,2026,No
110143,2026,No
110146,2026,No
110150,2026,Yes
110161,2026,Yes
110164,2026,No
110165,2026,No
110168,2026,No
110177,2026,No
110184,2026,Yes
110190,2026,No
110191,2026,No
110192,2026,No
110194,2026,No
110198,2026,Yes
110200,2026,No
110201,2026,No
110209,2026,No
110215,2026,No
110225,2026,No
110226,2026,No
110229,2026,No
110230,2026,No
110233,2026,No
110234,2026,No
110236,2026,No
110237,2026,No
110252,2026,Yes
120001,2026,Yes
120002,2026,Yes
120005,2026,No
120006,2026,No
120007,2026,No
120011,2026,Yes
120014,2026,Yes
120019,2026,Yes
120022,2026,Yes
120026,2026,No
120028,2026,Yes
130002,2026,No
130003,2026,No
130006,2026,No
130007,2026,No
130013,2026,Yes
130014,2026,No
130018,2026,No
130025,2026,No
130028,2026,No
130049,2026,No
130063,2026,No
130065,2026,No
130066,2026,No
130071,2026,No
130073,2026,No
130074,2026,Yes
140001,2026,Yes
140002,2026,No
140007,2026,Yes
140008,2026,No
140010,2026,No
140011,2026,Yes
140012,2026,Yes
140013,2026,No
140015,2026,No
140018,2026,Yes
140029,2026,No
140030,2026,No
140032,2026,No
140034,2026,No
140043,2026,Yes
140046,2026,No
140048,2026,No
140049,2026,Yes
140052,2026,No
140053,2026,No
140054,2026,No
140059,2026,No
140062,2026,Yes
140063,2026,No
140064,2026,No
140065,2026,No
140067,2026,Yes
140068,2026,Yes
140077,2026,No
140080,2026,No
140082,2026,Yes
140083,2026,No
140084,2026,No
140088,2026,No
140089,2026,No
140091,2026,No
140093,2026,Yes
140095,2026,No
140100,2026,No
140101,2026,No
140103,2026,No
140110,2026,No
140113,2026,No
140114,2026,No
140115,2026,Yes
140116,2026,No
140117,2026,No
140119,2026,No
140120,2026,Yes
140122,2026,No
140124,2026,No
140125,2026,No
140127,2026,No
140130,2026,No
140133,2026,No
140135,2026,No
140137,2026,No
140145,2026,No
140148,2026,Yes
140150,2026,No
140155,2026,No
140158,2026,Yes
140160,2026,No
140161,2026,No
140162,2026,No
140164,2026,Yes
140166,2026,Yes
140172,2026,Yes
140174,2026,Yes
140177,2026,Yes
140179,2026,Yes
140180,2026,No
140181,2026,Yes
140182,2026,Yes
140184,2026,Yes
140185,2026,No
140186,2026,No
140187,2026,No
140189,2026,Yes
140191,2026,No
140197,2026,No
140200,2026,No
140202,2026,No
140206,2026,Yes
140208,2026,No
140209,2026,No
140210,2026,Yes
140211,2026,No
140213,2026,No
140217,2026,No
140223,2026,No
140224,2026,No
140228,2026,No
140231,2026,No
140233,2026,No
140239,2026,Yes
140242,2026,No
140251,2026,No
140252,2026,No
140258,2026,No
140275,2026,No
140276,2026,Yes
140280,2026,No
140281,2026,No
140286,2026,No
140288,2026,No
140289,2026,No
140290,2026,No
140291,2026,No
140292,2026,No
140294,2026,No
140300,2026,Yes
140304,2026,No
140308,2026,No
150001,2026,No
150002,2026,Yes
150005,2026,No
150006,2026,No
150007,2026,No
150008,2026,Yes
150009,2026,No
150010,2026,No
150011,2026,No
150012,2026,No
150015,2026,No
150017,2026,No
150018,2026,No
150021,2026,No
150022,2026,No
150023,2026,No
150024,2026,Yes
150026,2026,Yes
150030,2026,No
150034,2026,No
150035,2026,No
150037,2026,No
150042,2026,No
150044,2026,No
150045,2026,Yes
150046,2026,No
150047,2026,No
150048,2026,No
150051,2026,No
150056,2026,No
150057,2026,No
150058,2026,No
150059,2026,Yes
150061,2026,No
150065,2026,No
150069,2026,Yes
150072,2026,No
150074,2026,No
150075,2026,No
150076,2026,No
150082,2026,No
150084,2026,No
150086,2026,No
150088,2026,No
150089,2026,No
150090,2026,Yes
150091,2026,No
150097,2026,No
150100,2026,No
150101,2026,No
150102,2026,No
150104,2026,No
150109,2026,No
150112,2026,No
150113,2026,No
150115,2026,No
150125,2026,No
150126,2026,No
150128,2026,No
150133,2026,No
150146,2026,No
150149,2026,No
150150,2026,No
150153,2026,No
150157,2026,No
150158,2026,No
150160,2026,No
150161,2026,No
150162,2026,Yes
150165,2026,Yes
150166,2026,No
150167,2026,No
150168,2026,No
150169,2026,No
150172,2026,No
150173,2026,No
150177,2026,No
150179,2026,No
150181,2026,No
150183,2026,No
150193,2026,No
150195,2026,No
160001,2026,Yes
160013,2026,No
160016,2026,Yes
160028,2026,No
160029,2026,No
160030,2026,Yes
160032,2026,Yes
160033,2026,Yes
160040,2026,Yes
160045,2026,No
160047,2026,Yes
160057,2026,Yes
160058,2026,Yes
160064,2026,No
160067,2026,No
160069,2026,No
160079,2026,Yes
160080,2026,No
160082,2026,No
160083,2026,No
160089,2026,No
160101,2026,No
160104,2026,No
160110,2026,No
160112,2026,Yes
160117,2026,Yes
160124,2026,Yes
160146,2026,Yes
160147,2026,Yes
160153,2026,Yes
170006,2026,No
170009,2026,Yes
170012,2026,Yes
170013,2026,No
170014,2026,Yes
170016,2026,No
170017,2026,Yes
170020,2026,No
170023,2026,No
170027,2026,No
170040,2026,No
170049,2026,No
170068,2026,No
170074,2026,Yes
170086,2026,No
170103,2026,No
170104,2026,Yes
170105,2026,Yes
170109,2026,No
170120,2026,No
170122,2026,No
170123,2026,No
170137,2026,No
170142,2026,No
170146,2026,Yes
170175,2026,No
170176,2026,Yes
170182,2026,No
170183,2026,No
170185,2026,No
170186,2026,No
170187,2026,Yes
170188,2026,No
170190,2026,No
170191,2026,No
170194,2026,No
170196,2026,No
170197,2026,No
170198,2026,No
170199,2026,No
170200,2026,No
170203,2026,No
170204,2026,No
170208,2026,No
180001,2026,No
180002,2026,No
180004,2026,No
180005,2026,Yes
180009,2026,Yes
180010,2026,No
180011,2026,No
180012,2026,Yes
180013,2026,Yes
180016,2026,No
180017,2026,No
180018,2026,No
180019,2026,No
180020,2026,No
180024,2026,No
180025,2026,Yes
180027,2026,Yes
180029,2026,Yes
180035,2026,No
180038,2026,No
180040,2026,Yes
180043,2026,Yes
180044,2026,Yes
180045,2026,No
180046,2026,No
180048,2026,No
180049,2026,No
180050,2026,Yes
180051,2026,Yes
180056,2026,No
180064,2026,Yes
180066,2026,No
180067,2026,Yes
180069,2026,No
180070,2026,No
180078,2026,No
180079,2026,No
180080,2026,No
180087,2026,Yes
180088,2026,Yes
180092,2026,No
180093,2026,No
180101,2026,No
180102,2026,No
180103,2026,No
180104,2026,Yes
180105,2026,Yes
180115,2026,Yes
180116,2026,Yes
180124,2026,No
180127,2026,No
180128,2026,No
180130,2026,No
180132,2026,No
180138,2026,No
180141,2026,Yes
180143,2026,No
180149,2026,No
180154,2026,No
190002,2026,Yes
190004,2026,Yes
190005,2026,Yes
190006,2026,Yes
190007,2026,No
190008,2026,No
190011,2026,No
190013,2026,Yes
190014,2026,Yes
190015,2026,No
190017,2026,No
190019,2026,No
190020,2026,No
190025,2026,No
190026,2026,No
190027,2026,No
190034,2026,Yes
190036,2026,No
190039,2026,No
190040,2026,Yes
190041,2026,No
190044,2026,No
190045,2026,No
190046,2026,No
190050,2026,No
190053,2026,No
190054,2026,No
190060,2026,Yes
190064,2026,No
190065,2026,No
190079,2026,No
190086,2026,No
190088,2026,Yes
190090,2026,Yes
190098,2026,Yes
190099,2026,Yes
190102,2026,No
190106,2026,No
190111,2026,Yes
190114,2026,Yes
190116,2026,Yes
190118,2026,No
190125,2026,No
190128,2026,Yes
190133,2026,No
190140,2026,No
190144,2026,Yes
190145,2026,Yes
190151,2026,Yes
190160,2026,Yes
190164,2026,No
190167,2026,No
190176,2026,No
190183,2026,Yes
190184,2026,Yes
190190,2026,No
190201,2026,No
190202,2026,No
190208,2026,No
190218,2026,No
190241,2026,Yes
190245,2026,No
190251,2026,No
190255,2026,No
190256,2026,No
190259,2026,No
190266,2026,No
190267,2026,No
190270,2026,No
190274,2026,No
190278,2026,No
190298,2026,No
190300,2026,No
190302,2026,No
190303,2026,No
190308,2026,No
190312,2026,No
190313,2026,No
190316,2026,No
190317,2026,No
190318,2026,Yes
190319,2026,No
200001,2026,No
200008,2026,Yes
200009,2026,No
200018,2026,Yes
200020,2026,Yes
200021,2026,No
200024,2026,No
200031,2026,No
200033,2026,No
200034,2026,No
200039,2026,No
200050,2026,Yes
200063,2026,No
210001,2026,
210002,2026,
210003,2026,
210004,2026,
210005,2026,
210008,2026,
210009,2026,
210011,2026,
210012,2026,
210015,2026,
210016,2026,
210017,2026,
210018,2026,
210019,2026,
210022,2026,
210023,2026,
210024,2026,
210027,2026,
210028,2026,
210029,2026,
210030,2026,
210032,2026,
210033,2026,
210034,2026,
210035,2026,
210037,2026,
210038,2026,
210039,2026,
210040,2026,
210043,2026,
210044,2026,
210048,2026,
210049,2026,
210051,2026,
210056,2026,
210057,2026,
210058,2026,
210060,2026,
210061,2026,
210062,2026,
210063,2026,
210064,2026,
210065,2026,
220001,2026,Yes
220002,2026,No
220008,2026,No
220010,2026,No
220011,2026,Yes
220012,2026,No
220015,2026,Yes
220016,2026,No
220017,2026,No
220019,2026,No
220020,2026,No
220024,2026,No
220029,2026,No
220030,2026,No
220031,2026,No
220033,2026,Yes
220035,2026,No
220036,2026,No
220046,2026,No
220049,2026,Yes
220052,2026,Yes
220060,2026,No
220062,2026,No
220063,2026,Yes
220065,2026,Yes
220066,2026,No
220070,2026,No
220071,2026,No
220073,2026,No
220074,2026,No
220075,2026,Yes
220077,2026,Yes
220080,2026,No
220083,2026,Yes
220084,2026,No
220086,2026,Yes
220088,2026,Yes
220090,2026,No
220095,2026,Yes
220098,2026,No
220100,2026,Yes
220101,2026,No
220105,2026,No
220108,2026,Yes
220110,2026,No
220111,2026,No
220116,2026,Yes
220119,2026,Yes
220126,2026,No
220135,2026,Yes
220163,2026,No
220171,2026,No
220175,2026,Yes
220176,2026,No
220177,2026,No
230002,2026,Yes
230003,2026,No
230005,2026,No
230015,2026,No
230017,2026,No
230019,2026,No
230020,2026,Yes
230021,2026,No
230022,2026,No
230024,2026,Yes
230029,2026,No
230030,2026,No
230031,2026,No
230035,2026,No
230036,2026,No
230037,2026,No
230038,2026,No
230041,2026,No
230046,2026,No
230047,2026,No
230053,2026,No
230054,2026,No
230055,2026,Yes
230058,2026,Yes
230059,2026,Yes
230066,2026,Yes
230069,2026,Yes
230070,2026,Yes
230071,2026,No
230072,2026,Yes
230075,2026,Yes
230077,2026,Yes
230078,2026,Yes
230080,2026,No
230081,2026,No
230085,2026,No
230089,2026,No
230092,2026,No
230093,2026,Yes
230095,2026,No
230097,2026,No
230099,2026,Yes
230100,2026,No
230104,2026,Yes
230105,2026,No
230108,2026,No
230110,2026,No
230117,2026,No
230121,2026,No
230130,2026,Yes
230132,2026,No
230133,2026,No
230141,2026,No
230142,2026,Yes
230144,2026,No
230146,2026,Yes
230151,2026,Yes
230156,2026,No
230165,2026,No
230167,2026,Yes
230174,2026,No
230176,2026,No
230180,2026,No
230193,2026,Yes
230195,2026,No
230197,2026,No
230207,2026,No
230208,2026,No
230216,2026,No
230217,2026,No
230222,2026,No
230227,2026,Yes
230230,2026,No
230236,2026,Yes
230239,2026,Yes
230241,2026,Yes
230244,2026,No
230254,2026,Yes
230259,2026,Yes
230264,2026,No
230269,2026,No
230270,2026,Yes
230273,2026,Yes
230275,2026,No
230277,2026,No
230279,2026,No
230297,2026,No
230301,2026,No
230302,2026,No
230303,2026,No
240001,2026,Yes
240002,2026,No
240004,2026,No
240006,2026,Yes
240010,2026,No
240014,2026,Yes
240018,2026,No
240019,2026,No
240020,2026,No
240022,2026,Yes
240030,2026,No
240036,2026,No
240038,2026,No
240040,2026,No
240043,2026,No
240044,2026,No
240047,2026,No
240050,2026,No
240052,2026,Yes
240053,2026,No
240056,2026,No
240057,2026,No
240064,2026,No
240066,2026,No
240069,2026,Yes
240071,2026,Yes
240075,2026,No
240076,2026,No
240078,2026,No
240080,2026,No
240084,2026,No
240088,2026,Yes
240093,2026,No
240100,2026,Yes
240101,2026,No
240104,2026,Yes
240106,2026,No
240115,2026,No
240141,2026,No
240166,2026,No
240187,2026,Yes
240206,2026,No
240207,2026,No
240210,2026,No
240213,2026,No
240214,2026,No
250001,2026,Yes
250002,2026,Yes
250004,2026,Yes
250006,2026,No
250007,2026,No
250009,2026,No
250017,2026,No
250018,2026,No
250019,2026,No
250020,2026,No
250025,2026,No
250027,2026,Yes
250031,2026,No
250034,2026,No
250036,2026,No
250038,2026,No
250040,2026,No
250042,2026,No
250043,2026,No
250044,2026,Yes
250048,2026,No
250049,2026,Yes
250050,2026,No
250057,2026,No
250058,2026,Yes
250061,2026,No
250067,2026,No
250069,2026,No
250072,2026,No
250077,2026,Yes
250078,2026,Yes
250081,2026,No
250082,2026,No
250084,2026,Yes
250085,2026,Yes
250093,2026,No
250094,2026,No
250095,2026,No
250096,2026,No
250097,2026,No
250099,2026,Yes
250100,2026,No
250102,2026,Yes
250104,2026,Yes
250117,2026,Yes
250123,2026,No
250124,2026,Yes
250127,2026,No
250134,2026,No
250136,2026,No
250138,2026,No
250141,2026,Yes
250151,2026,No
250152,2026,No
250162,2026,No
250167,2026,No
250168,2026,Yes
250172,2026,No
250174,2026,No
260001,2026,No
260005,2026,No
260006,2026,Yes
260009,2026,No
260011,2026,No
260017,2026,No
260020,2026,No
260022,2026,No
260023,2026,Yes
260024,2026,No
260025,2026,Yes
260027,2026,No
260032,2026,Yes
260034,2026,No
260040,2026,No
260048,2026,Yes
260052,2026,No
260057,2026,No
260059,2026,No
260061,2026,No
260062,2026,No
260065,2026,No
260068,2026,No
260070,2026,No
260074,2026,No
260077,2026,No
260078,2026,No
260081,2026,No
260085,2026,No
260091,2026,No
260094,2026,No
260095,2026,No
260096,2026,Yes
260097,2026,No
260102,2026,No
260104,2026,No
260105,2026,No
260108,2026,No
260110,2026,No
260113,2026,No
260119,2026,No
260137,2026,Yes
260138,2026,No
260141,2026,No
260142,2026,Yes
260160,2026,No
260162,2026,No
260163,2026,No
260175,2026,No
260176,2026,No
260177,2026,No
260179,2026,No
260180,2026,No
260183,2026,No
260186,2026,No
260190,2026,No
260191,2026,No
260193,2026,No
260195,2026,No
260200,2026,Yes
260214,2026,No
260216,2026,No
260219,2026,No
270003,2026,Yes
270004,2026,No
270012,2026,No
270014,2026,No
270017,2026,Yes
270023,2026,No
270049,2026,No
270051,2026,Yes
270057,2026,Yes
270074,2026,No
270086,2026,No
280003,2026,No
280009,2026,No
280013,2026,No
280020,2026,No
280023,2026,No
280032,2026,No
280040,2026,Yes
280059,2026,No
280060,2026,No
280061,2026,No
280065,2026,No
280077,2026,Yes
280081,2026,No
280105,2026,No
280111,2026,No
280125,2026,Yes
280127,2026,No
280128,2026,Yes
280129,2026,No
280130,2026,No
280131,2026,No
280132,2026,No
280133,2026,Yes
280134,2026,No
280139,2026,Yes
290001,2026,No
290003,2026,No
290005,2026,No
290007,2026,Yes
290008,2026,Yes
290009,2026,No
290012,2026,No
290019,2026,Yes
290021,2026,No
290032,2026,No
290039,2026,No
290041,2026,No
290042,2026,Yes
290045,2026,No
290046,2026,No
290047,2026,No
290049,2026,No
290053,2026,No
290054,2026,No
290057,2026,No
290058,2026,No
290062,2026,No
300001,2026,No
300003,2026,Yes
300005,2026,Yes
300011,2026,No
300012,2026,Yes
300014,2026,No
300017,2026,No
300018,2026,No
300019,2026,No
300020,2026,Yes
300023,2026,No
300029,2026,No
300034,2026,Yes
310001,2026,No
310002,2026,No
310003,2026,No
310005,2026,No
310006,2026,No
310008,2026,No
310009,2026,No
310010,2026,No
310011,2026,Yes
310012,2026,Yes
310014,2026,Yes
310015,2026,No
310016,2026,No
310017,2026,No
310019,2026,No
310022,2026,No
310024,2026,No
310025,2026,No
310027,2026,No
310028,2026,No
310029,2026,No
310031,2026,No
310032,2026,No
310034,2026,No
310038,2026,No
310039,2026,No
310040,2026,No
310041,2026,No
310044,2026,No
310045,2026,No
310047,2026,No
310048,2026,No
310050,2026,Yes
310051,2026,No
310052,2026,No
310054,2026,No
310057,2026,No
310058,2026,No
310060,2026,No
310061,2026,No
310064,2026,No
310069,2026,No
310070,2026,No
310073,2026,No
310074,2026,No
310075,2026,No
310076,2026,No
310083,2026,Yes
310084,2026,No
310086,2026,No
310092,2026,No
310096,2026,No
310108,2026,No
310110,2026,No
310111,2026,No
310112,2026,No
310113,2026,No
310115,2026,No
310118,2026,No
310119,2026,No
310130,2026,No
320001,2026,Yes
320002,2026,Yes
320004,2026,No
320005,2026,No
320006,2026,No
320009,2026,No
320011,2026,Yes
320017,2026,No
320018,2026,No
320021,2026,Yes
320022,2026,Yes
320030,2026,Yes
320033,2026,Yes
320057,2026,Yes
320059,2026,No
320060,2026,Yes
320061,2026,No
320062,2026,Yes
320063,2026,Yes
320065,2026,No
320074,2026,No
320084,2026,No
320085,2026,No
320086,2026,No
320090,2026,No
320091,2026,No
330005,2026,Yes
330006,2026,Yes
330009,2026,No
330011,2026,Yes
330013,2026,Yes
330014,2026,Yes
330019,2026,No
330023,2026,No
330024,2026,No
330027,2026,No
330028,2026,Yes
330030,2026,No
330033,2026,Yes
330043,2026,No
330044,2026,Yes
330045,2026,No
330046,2026,No
330047,2026,No
330049,2026,No
330055,2026,No
330056,2026,No
330057,2026,No
330058,2026,Yes
330059,2026,Yes
330060,2026,No
330065,2026,Yes
330073,2026,No
330074,2026,Yes
330078,2026,Yes
330079,2026,Yes
330080,2026,No
330085,2026,No
330086,2026,No
330090,2026,Yes
330094,2026,Yes
330096,2026,No
330100,2026,No
330101,2026,No
330102,2026,No
330103,2026,No
330104,2026,No
330106,2026,No
330107,2026,No
330111,2026,No
330115,2026,No
330119,2026,No
330125,2026,Yes
330126,2026,No
330127,2026,Yes
330128,2026,No
330135,2026,Yes
330136,2026,Yes
330140,2026,No
330141,2026,No
330151,2026,No
330153,2026,No
330157,2026,No
330158,2026,No
330160,2026,No
330162,2026,No
330164,2026,Yes
330166,2026,No
330169,2026,No
330175,2026,No
330180,2026,No
330181,2026,No
330182,2026,No
330184,2026,Yes
330185,2026,No
330188,2026,No
330191,2026,No
330193,2026,No
330194,2026,Yes
330195,2026,No
330196,2026,No
330197,2026,Yes
330198,2026,No
330199,2026,No
330202,2026,Yes
330203,2026,No
330204,2026,Yes
330205,2026,No
330208,2026,Yes
330214,2026,No
330215,2026,Yes
330218,2026,No
330219,2026,Yes
330221,2026,Yes
330222,2026,No
330224,2026,No
330226,2026,No
330229,2026,Yes
330231,2026,No
330233,2026,Yes
330234,2026,Yes
330235,2026,No
330238,2026,No
330239,2026,Yes
330240,2026,No
330241,2026,Yes
330246,2026,No
330250,2026,Yes
330259,2026,No
330261,2026,No
330264,2026,Yes
330265,2026,Yes
330267,2026,No
330270,2026,No
330273,2026,No
330276,2026,No
330277,2026,No
330279,2026,No
330285,2026,Yes
330286,2026,No
330304,2026,No
330307,2026,No
330331,2026,No
330332,2026,No
330350,2026,Yes
330386,2026,Yes
330393,2026,No
330394,2026,Yes
330395,2026,Yes
330396,2026,Yes
330399,2026,No
330401,2026,No
330405,2026,No
330406,2026,No
330411,2026,Yes
340001,2026,No
340002,2026,No
340003,2026,No
340004,2026,Yes
340008,2026,Yes
340010,2026,Yes
340013,2026,No
340014,2026,No
340015,2026,No
340016,2026,No
340017,2026,No
340020,2026,No
340021,2026,No
340023,2026,No
340024,2026,Yes
340027,2026,No
340028,2026,Yes
340030,2026,No
340032,2026,No
340039,2026,No
340040,2026,No
340041,2026,Yes
340042,2026,No
340047,2026,Yes
340049,2026,No
340050,2026,No
340051,2026,No
340053,2026,No
340060,2026,No
340061,2026,No
340064,2026,Yes
340068,2026,Yes
340069,2026,No
340070,2026,No
340071,2026,Yes
340075,2026,No
340084,2026,No
340085,2026,No
340087,2026,Yes
340090,2026,No
340091,2026,No
340096,2026,Yes
340097,2026,No
340098,2026,No
340099,2026,No
340107,2026,Yes
340109,2026,No
340113,2026,No
340114,2026,Yes
340115,2026,No
340116,2026,No
340119,2026,No
340120,2026,Yes
340123,2026,No
340126,2026,Yes
340127,2026,Yes
340129,2026,No
340130,2026,No
340131,2026,No
340132,2026,No
340141,2026,No
340142,2026,Yes
340143,2026,No
340145,2026,Yes
340147,2026,No
340148,2026,No
340151,2026,No
340155,2026,No
340156,2026,No
340158,2026,No
340159,2026,No
340166,2026,No
340168,2026,Yes
340171,2026,No
340173,2026,No
340183,2026,No
340184,2026,No
340188,2026,No
340190,2026,No
340195,2026,No
350002,2026,Yes
350006,2026,No
350011,2026,No
350015,2026,No
350019,2026,No
350063,2026,No
350070,2026,No
360001,2026,No
360002,2026,No
360003,2026,No
360006,2026,Yes
360008,2026,No
360009,2026,No
360010,2026,No
360011,2026,No
360012,2026,No
360013,2026,No
360014,2026,No
360016,2026,No
360017,2026,Yes
360020,2026,Yes
360025,2026,No
360026,2026,No
360027,2026,No
360029,2026,Yes
360032,2026,Yes
360035,2026,Yes
360036,2026,No
360039,2026,Yes
360040,2026,No
360041,2026,No
360046,2026,Yes
360048,2026,Yes
360051,2026,No
360054,2026,Yes
360055,2026,No
360056,2026,No
360058,2026,No
360059,2026,Yes
360064,2026,No
360065,2026,No
360066,2026,No
360068,2026,Yes
360070,2026,No
360071,2026,No
360072,2026,Yes
360075,2026,No
360076,2026,No
360077,2026,No
360078,2026,Yes
360079,2026,No
360080,2026,No
360082,2026,No
360084,2026,No
360085,2026,Yes
360086,2026,No
360087,2026,Yes
360089,2026,No
360091,2026,Yes
360092,2026,No
360095,2026,Yes
360096,2026,No
360098,2026,No
360107,2026,No
360109,2026,Yes
360112,2026,No
360118,2026,Yes
360121,2026,No
360123,2026,No
360125,2026,No
360131,2026,No
360132,2026,No
360133,2026,No
360134,2026,No
360137,2026,No
360143,2026,No
360144,2026,No
360145,2026,No
360147,2026,Yes
360148,2026,No
360150,2026,Yes
360152,2026,No
360155,2026,No
360156,2026,Yes
360159,2026,Yes
360161,2026,No
360163,2026,No
360170,2026,No
360172,2026,Yes
360174,2026,No
360175,2026,No
360179,2026,No
360180,2026,Yes
360185,2026,Yes
360189,2026,Yes
360197,2026,No
360203,2026,No
360210,2026,No
360211,2026,No
360218,2026,Yes
360230,2026,No
360234,2026,No
360236,2026,No
360239,2026,No
360245,2026,No
360259,2026,Yes
360263,2026,No
360266,2026,No
360270,2026,No
360276,2026,Yes
360348,2026,No
360351,2026,No
360352,2026,No
360354,2026,No
360355,2026,No
360358,2026,No
360359,2026,No
360360,2026,No
360361,2026,No
360364,2026,No
360365,2026,No
360367,2026,No
360368,2026,No
360374,2026,No
360375,2026,No
370001,2026,No
370002,2026,No
370004,2026,No
370006,2026,No
370008,2026,No
370013,2026,No
370014,2026,No
370015,2026,Yes
370016,2026,No
370018,2026,No
370019,2026,Yes
370020,2026,No
370022,2026,No
370023,2026,No
370025,2026,No
370026,2026,No
370028,2026,No
370034,2026,Yes
370037,2026,Yes
370039,2026,No
370047,2026,No
370049,2026,No
370054,2026,No
370056,2026,Yes
370057,2026,No
370078,2026,No
370083,2026,No
370089,2026,No
370091,2026,No
370093,2026,Yes
370094,2026,No
370097,2026,Yes
370099,2026,Yes
370100,2026,No
370106,2026,No
370112,2026,Yes
370113,2026,No
370114,2026,Yes
370149,2026,No
370158,2026,No
370166,2026,No
370170,2026,No
370171,2026,Yes
370172,2026,No
370173,2026,No
370178,2026,No
370180,2026,No
370183,2026,No
370192,2026,No
370199,2026,No
370201,2026,No
370202,2026,No
370203,2026,No
370206,2026,No
370210,2026,No
370211,2026,No
370212,2026,No
370214,2026,Yes
370215,2026,No
370216,2026,Yes
370218,2026,No
370220,2026,No
370222,2026,No
370225,2026,No
370227,2026,Yes
370228,2026,No
370234,2026,No
370235,2026,No
370236,2026,No
370237,2026,No
370240,2026,No
370243,2026,Yes
370244,2026,No
370245,2026,No
370246,2026,No
370247,2026,No
380001,2026,No
380002,2026,No
380004,2026,No
380005,2026,No
380007,2026,Yes
380009,2026,Yes
380014,2026,No
380017,2026,No
380018,2026,No
380020,2026,No
380021,2026,Yes
380022,2026,Yes
380025,2026,Yes
380027,2026,No
380029,2026,No
380037,2026,No
380038,2026,No
380047,2026,No
380050,2026,No
380051,2026,Yes
380052,2026,Yes
380056,2026,Yes
380060,2026,No
380061,2026,No
380071,2026,No
380075,2026,Yes
380082,2026,Yes
380089,2026,Yes
380090,2026,Yes
380091,2026,Yes
380102,2026,No
380103,2026,No
390001,2026,Yes
390002,2026,No
390003,2026,No
390004,2026,No
390006,2026,Yes
390009,2026,No
390012,2026,No
390013,2026,No
390016,2026,Yes
390025,2026,Yes
390026,2026,Yes
390027,2026,No
390028,2026,No
390030,2026,No
390032,2026,No
390035,2026,No
390036,2026,Yes
390037,2026,Yes
390039,2026,No
390041,2026,Yes
390042,2026,No
390044,2026,Yes
390045,2026,No
390046,2026,No
390048,2026,No
390049,2026,No
390050,2026,No
390056,2026,No
390057,2026,No
390058,2026,No
390062,2026,No
390063,2026,No
390065,2026,Yes
390066,2026,No
390067,2026,No
390068,2026,No
390070,2026,No
390073,2026,No
390079,2026,No
390086,2026,Yes
390090,2026,Yes
390091,2026,No
390093,2026,No
390096,2026,No
390097,2026,No
390100,2026,No
390101,2026,Yes
390102,2026,No
390107,2026,No
390110,2026,Yes
390111,2026,No
390112,2026,No
390113,2026,No
390114,2026,Yes
390115,2026,No
390116,2026,No
390117,2026,No
390123,2026,Yes
390125,2026,Yes
390127,2026,Yes
390133,2026,No
390137,2026,Yes
390138,2026,No
390139,2026,No
390142,2026,No
390145,2026,No
390146,2026,Yes
390147,2026,Yes
390150,2026,Yes
390151,2026,No
390153,2026,No
390156,2026,Yes
390160,2026,Yes
390162,2026,No
390163,2026,No
390164,2026,Yes
390168,2026,Yes
390173,2026,Yes
390174,2026,Yes
390178,2026,Yes
390179,2026,No
390180,2026,Yes
390183,2026,No
390184,2026,No
390185,2026,Yes
390195,2026,No
390198,2026,No
390199,2026,Yes
390201,2026,No
390203,2026,No
390204,2026,No
390211,2026,No
390217,2026,No
390219,2026,Yes
390222,2026,No
390223,2026,No
390225,2026,No
390226,2026,Yes
390228,2026,No
390231,2026,No
390233,2026,Yes
390237,2026,No
390256,2026,No
390258,2026,No
390265,2026,No
390266,2026,No
390267,2026,No
390268,2026,No
390270,2026,No
390272,2026,Yes
390278,2026,No
390304,2026,No
390307,2026,No
390316,2026,No
390322,2026,No
390323,2026,No
390324,2026,No
390325,2026,No
390326,2026,No
390327,2026,No
390328,2026,No
390329,2026,No
390330,2026,No
390331,2026,No
390332,2026,No
390333,2026,No
390334,2026,No
390335,2026,No
390336,2026,No
390337,2026,No
390338,2026,No
390339,2026,No
390430,2026,No
410004,2026,No
410005,2026,No
410006,2026,No
410007,2026,No
410008,2026,Yes
410009,2026,Yes
410010,2026,No
410011,2026,No
410012,2026,No
410013,2026,No
420002,2026,No
420004,2026,Yes
420005,2026,No
420007,2026,No
420009,2026,No
420010,2026,No
420011,2026,No
420015,2026,Yes
420018,2026,No
420019,2026,No
420020,2026,No
420023,2026,No
420026,2026,Yes
420027,2026,No
420030,2026,No
420033,2026,No
420036,2026,No
420037,2026,Yes
420038,2026,No
420043,2026,Yes
420048,2026,No
420049,2026,No
420051,2026,No
420053,2026,No
420055,2026,Yes
420065,2026,Yes
420067,2026,Yes
420070,2026,No
420071,2026,No
420072,2026,Yes
420073,2026,No
420078,2026,No
420079,2026,No
420080,2026,No
420082,2026,No
420085,2026,No
420086,2026,No
420087,2026,No
420089,2026,No
420091,2026,Yes
420098,2026,No
420101,2026,No
420102,2026,No
420103,2026,No
420104,2026,No
420105,2026,No
420106,2026,Yes
420107,2026,No
420108,2026,Yes
420109,2026,No
420110,2026,No
430005,2026,Yes
430008,2026,Yes
430012,2026,No
430014,2026,No
430015,2026,Yes
430016,2026,No
430027,2026,No
430048,2026,No
430077,2026,No
430084,2026,No
430089,2026,No
430090,2026,No
430091,2026,No
430093,2026,No
430095,2026,No
430097,2026,No
430098,2026,No
440002,2026,No
440003,2026,No
440006,2026,No
440007,2026,No
440008,2026,No
440009,2026,No
440011,2026,No
440012,2026,No
440015,2026,No
440016,2026,No
440017,2026,Yes
440018,2026,Yes
440020,2026,No
440029,2026,No
440030,2026,No
440031,2026,No
440032,2026,No
440033,2026,No
440034,2026,No
440035,2026,No
440039,2026,Yes
440046,2026,No
440048,2026,Yes
440049,2026,No
440050,2026,No
440053,2026,No
440056,2026,No
440057,2026,No
440058,2026,No
440059,2026,Yes
440060,2026,No
440061,2026,Yes
440063,2026,Yes
440065,2026,No
440068,2026,No
440072,2026,No
440073,2026,No
440081,2026,No
440082,2026,No
440084,2026,Yes
440091,2026,No
440102,2026,No
440104,2026,No
440109,2026,No
440110,2026,No
440111,2026,No
440120,2026,No
440125,2026,No
440130,2026,No
440131,2026,No
440132,2026,No
440137,2026,Yes
440144,2026,Yes
440148,2026,No
440150,2026,No
440151,2026,No
440152,2026,No
440153,2026,No
440156,2026,No
440159,2026,No
440161,2026,No
440173,2026,No
440175,2026,Yes
440176,2026,No
440183,2026,No
440184,2026,No
440185,2026,No
440187,2026,Yes
440192,2026,No
440193,2026,No
440194,2026,No
440197,2026,No
440200,2026,No
440218,2026,Yes
440227,2026,No
440228,2026,Yes
440231,2026,No
440238,2026,Yes
450002,2026,No
450007,2026,No
450010,2026,Yes
450011,2026,No
450015,2026,Yes
450018,2026,Yes
450021,2026,No
450023,2026,No
450024,2026,Yes
450028,2026,No
450029,2026,No
450032,2026,No
450033,2026,No
450034,2026,No
450035,2026,No
450039,2026,Yes
450040,2026,No
450042,2026,No
450044,2026,No
450046,2026,No
450051,2026,Yes
450054,2026,No
450055,2026,No
450056,2026,No
450058,2026,No
450064,2026,No
450068,2026,No
450072,2026,No
450079,2026,No
450080,2026,No
450082,2026,No
450083,2026,No
450087,2026,No
450090,2026,No
450092,2026,No
450097,2026,No
450101,2026,No
450102,2026,No
450104,2026,No
450107,2026,No
450108,2026,No
450119,2026,No
450124,2026,No
450128,2026,No
450132,2026,Yes
450133,2026,Yes
450135,2026,No
450137,2026,No
450143,2026,No
450144,2026,No
450147,2026,Yes
450148,2026,No
450152,2026,No
450154,2026,No
450155,2026,No
450162,2026,No
450163,2026,No
450165,2026,No
450176,2026,No
450184,2026,No
450193,2026,No
450194,2026,No
450196,2026,No
450200,2026,No
450203,2026,No
450209,2026,No
450210,2026,No
450211,2026,No
450213,2026,No
450222,2026,Yes
450229,2026,No
450231,2026,No
450235,2026,No
450236,2026,No
450237,2026,No
450241,2026,No
450253,2026,No
450271,2026,No
450272,2026,No
450289,2026,No
450292,2026,No
450324,2026,No
450330,2026,No
450346,2026,No
450347,2026,No
450351,2026,No
450352,2026,Yes
450358,2026,No
450369,2026,No
450370,2026,No
450372,2026,Yes
450379,2026,Yes
450388,2026,No
450389,2026,No
450395,2026,No
450399,2026,No
450400,2026,No
450403,2026,No
450411,2026,No
450419,2026,No
450422,2026,No
450424,2026,No
450431,2026,No
450447,2026,No
450451,2026,Yes
450460,2026,No
450462,2026,No
450465,2026,No
450469,2026,No
450475,2026,No
450484,2026,No
450489,2026,No
450508,2026,No
450518,2026,No
450537,2026,No
450539,2026,No
450563,2026,No
450565,2026,Yes
450571,2026,No
450573,2026,No
450584,2026,No
450587,2026,No
450596,2026,No
450597,2026,No
450604,2026,No
450610,2026,No
450617,2026,No
450634,2026,No
450638,2026,No
450639,2026,No
450641,2026,No
450643,2026,Yes
450644,2026,No
450647,2026,No
450651,2026,No
450653,2026,No
450654,2026,Yes
450656,2026,No
450658,2026,No
450659,2026,No
450661,2026,No
450662,2026,No
450668,2026,No
450669,2026,No
450670,2026,No
450672,2026,No
450674,2026,No
450675,2026,No
450677,2026,No
450678,2026,No
450684,2026,No
450686,2026,No
450688,2026,No
450690,2026,No
450694,2026,Yes
450698,2026,Yes
450702,2026,No
450709,2026,No
450711,2026,No
450713,2026,No
450718,2026,No
450723,2026,No
450730,2026,No
450742,2026,No
450743,2026,No
450747,2026,No
450755,2026,No
450771,2026,No
450774,2026,No
450775,2026,No
450779,2026,No
450788,2026,No
450801,2026,No
450804,2026,No
450808,2026,Yes
450809,2026,No
450820,2026,No
450822,2026,No
450825,2026,No
450827,2026,No
450828,2026,No
450831,2026,No
450833,2026,No
450834,2026,No
450840,2026,No
450844,2026,No
450847,2026,No
450848,2026,No
450851,2026,No
450853,2026,No
450855,2026,No
450856,2026,No
450860,2026,Yes
450862,2026,Yes
450864,2026,No
450865,2026,No
450867,2026,No
450869,2026,No
450872,2026,No
450874,2026,No
450875,2026,No
450876,2026,No
450880,2026,No
450883,2026,No
450885,2026,No
450888,2026,No
450889,2026,No
450890,2026,No
450891,2026,No
450893,2026,No
460001,2026,No
460003,2026,No
460004,2026,No
460005,2026,No
460006,2026,No
460007,2026,No
460009,2026,No
460010,2026,No
460011,2026,No
460013,2026,No
460014,2026,No
460015,2026,No
460017,2026,No
460019,2026,No
460021,2026,No
460023,2026,No
460026,2026,No
460030,2026,No
460039,2026,No
460041,2026,No
460042,2026,No
460043,2026,No
460044,2026,No
460047,2026,No
460051,2026,No
460052,2026,No
460054,2026,No
460057,2026,No
460058,2026,No
460060,2026,No
460061,2026,No
460062,2026,Yes
470001,2026,Yes
470003,2026,Yes
470005,2026,Yes
470011,2026,No
470012,2026,No
470024,2026,Yes
490002,2026,No
490004,2026,No
490005,2026,No
490007,2026,No
490009,2026,No
490013,2026,No
490017,2026,No
490018,2026,No
490019,2026,Yes
490020,2026,No
490021,2026,No
490022,2026,No
490023,2026,No
490024,2026,No
490032,2026,No
490033,2026,Yes
490037,2026,No
490038,2026,No
490040,2026,No
490041,2026,No
490042,2026,No
490043,2026,No
490044,2026,No
490045,2026,No
490046,2026,No
490048,2026,No
490050,2026,No
490052,2026,No
490053,2026,No
490057,2026,No
490059,2026,No
490060,2026,No
490063,2026,No
490066,2026,No
490067,2026,No
490069,2026,No
490075,2026,No
490077,2026,Yes
490084,2026,No
490088,2026,No
490089,2026,No
490090,2026,No
490092,2026,No
490093,2026,No
490094,2026,No
490097,2026,No
490098,2026,No
490101,2026,No
490104,2026,No
490107,2026,No
490110,2026,No
490111,2026,No
490112,2026,No
490113,2026,No
490114,2026,No
490115,2026,No
490116,2026,No
490117,2026,Yes
490118,2026,No
490119,2026,No
490120,2026,No
490122,2026,No
490126,2026,No
490127,2026,No
490130,2026,No
490136,2026,No
490140,2026,No
490141,2026,No
490143,2026,Yes
490144,2026,No
490145,2026,No
500002,2026,No
500003,2026,Yes
500005,2026,No
500007,2026,No
500008,2026,Yes
500011,2026,No
500014,2026,No
500015,2026,No
500016,2026,No
500019,2026,No
500021,2026,No
500024,2026,No
500025,2026,No
500026,2026,No
500027,2026,No
500030,2026,No
500031,2026,No
500033,2026,Yes
500036,2026,No
500037,2026,Yes
500039,2026,No
500041,2026,No
500044,2026,No
500050,2026,No
500051,2026,Yes
500052,2026,No
500053,2026,No
500054,2026,No
500058,2026,No
500060,2026,Yes
500064,2026,Yes
500072,2026,No
500077,2026,Yes
500079,2026,No
500084,2026,No
500088,2026,Yes
500108,2026,No
500119,2026,No
500124,2026,No
500129,2026,Yes
500139,2026,No
500141,2026,No
500150,2026,Yes
500151,2026,No
500152,2026,No
500154,2026,Yes
510001,2026,Yes
510002,2026,No
510006,2026,No
510007,2026,Yes
510008,2026,Yes
510012,2026,No
510013,2026,No
510022,2026,Yes
510023,2026,Yes
510024,2026,No
510029,2026,Yes
510030,2026,No
510038,2026,Yes
510046,2026,Yes
510048,2026,Yes
510050,2026,No
510055,2026,No
510058,2026,No
510062,2026,Yes
510070,2026,Yes
510072,2026,Yes
510086,2026,No
510091,2026,No
510093,2026,No
510094,2026,No
520002,2026,No
520004,2026,No
520008,2026,No
520009,2026,No
520011,2026,No
520019,2026,Yes
520021,2026,Yes
520028,2026,No
520030,2026,No
520033,2026,Yes
520034,2026,No
520035,2026,No
520037,2026,Yes
520038,2026,No
520041,2026,No
520044,2026,No
520045,2026,No
520049,2026,Yes
520051,2026,No
520057,2026,Yes
520059,2026,Yes
520062,2026,No
520063,2026,No
520066,2026,No
520070,2026,No
520071,2026,No
520075,2026,No
520076,2026,No
520078,2026,No
520083,2026,No
520087,2026,No
520088,2026,No
520089,2026,No
520091,2026,No
520095,2026,No
520096,2026,No
520097,2026,No
520098,2026,No
520100,2026,No
520102,2026,No
520103,2026,No
520107,2026,No
520109,2026,Yes
520113,2026,Yes
520116,2026,No
520136,2026,No
520138,2026,Yes
520139,2026,Yes
520160,2026,No
520177,2026,No
520189,2026,Yes
520193,2026,Yes
520194,2026,No
520196,2026,No
520198,2026,Yes
520202,2026,Yes
520205,2026,No
520206,2026,No
520207,2026,No
520208,2026,Yes
520210,2026,No
520212,2026,No
520213,2026,No
520214,2026,No
520215,2026,No
530002,2026,Yes
530006,2026,Yes
530008,2026,Yes
530012,2026,No
530014,2026,No
530015,2026,No
530025,2026,Yes
530034,2026,No
670005,2026,No
670006,2026,No
670008,2026,No
670010,2026,No
670023,2026,No
670025,2026,No
670031,2026,No
670034,2026,No
670041,2026,No
670043,2026,No
670044,2026,No
670047,2026,No
670049,2026,No
670053,2026,No
670054,2026,No
670055,2026,No
670056,2026,No
670059,2026,No
670060,2026,No
670062,2026,No
670067,2026,No
670068,2026,No
670069,2026,No
670071,2026,Yes
670073,2026,No
670075,2026,No
670076,2026,No
670077,2026,No
670078,2026,Yes
670080,2026,No
670082,2026,No
670085,2026,No
670088,2026,Yes
670090,2026,Yes
670093,2026,No
670098,2026,No
670102,2026,No
670103,2026,No
670106,2026,No
670107,2026,No
670108,2026,No
670109,2026,No
670112,2026,No
670115,2026,No
670120,2026,No
670121,2026,Yes
670122,2026,No
670124,2026,No
670125,2026,Yes
670128,2026,No
670131,2026,No
670132,2026,No
670134,2026,Yes
670135,2026,No
670136,2026,No
670260,2026,No
670265,2026,No
670266,2026,No
670267,2026,No
670285,2026,Yes
670300,2026,No
670309,2026,No
670314,2026,No
670320,2026,Yes
670321,2026,Yes
670322,2026,No
670326,2026,No
670327,2026,No
670331,2026,No
670333,2026,No
670335,2026,No
670336,2026,No
670340,2026,No
670342,2026,No
